"Variable / Field Name","Form Name","Section Header","Field Type","Field Label","Choices, Calculations, OR Slider Labels","Field Note","Text Validation Type OR Show Slider Number","Text Validation Min","Text Validation Max",Identifier?,"Branching Logic (Show field only if...)","Required Field?","Custom Alignment","Question Number (surveys only)","Matrix Group Name","Matrix Ranking?","Field Annotation"
sias6_i1_s1_r1_e1,sias6sps6_s1_r1_e1,,radio,"I have difficulty making eye contact with others","0, Not at all characteristic or true of me | 1, Slight characteristic or true of me | 2, Moderately characteristic or true of me | 3, Very characteristic or true of me | 4, Extremely characteristic or true of me",,,,,,,y,,,sias_sps_eee1a2,,
sias6_i2_s1_r1_e1,sias6sps6_s1_r1_e1,,radio,"I find it difficult mixing comfortably with the people I work with","0, Not at all characteristic or true of me | 1, Slight characteristic or true of me | 2, Moderately characteristic or true of me | 3, Very characteristic or true of me | 4, Extremely characteristic or true of me",,,,,,,y,,,sias_sps_eee1a2,,
sias6_i3_s1_r1_e1,sias6sps6_s1_r1_e1,,radio,"I tense up if I meet an acquaintance on the street","0, Not at all characteristic or true of me | 1, Slight characteristic or true of me | 2, Moderately characteristic or true of me | 3, Very characteristic or true of me | 4, Extremely characteristic or true of me",,,,,,,y,,,sias_sps_eee1a2,,
sias6_i4_s1_r1_e1,sias6sps6_s1_r1_e1,,radio,"I feel tense if I am alone with just one person","0, Not at all characteristic or true of me | 1, Slight characteristic or true of me | 2, Moderately characteristic or true of me | 3, Very characteristic or true of me | 4, Extremely characteristic or true of me",,,,,,,y,,,sias_sps_eee1a2,,
sias6_i5_s1_r1_e1,sias6sps6_s1_r1_e1,,radio,"I have difficulty talking with other people","0, Not at all characteristic or true of me | 1, Slight characteristic or true of me | 2, Moderately characteristic or true of me | 3, Very characteristic or true of me | 4, Extremely characteristic or true of me",,,,,,,y,,,sias_sps_eee1a2,,
sias6_i6_s1_r1_e1,sias6sps6_s1_r1_e1,,radio,"I find it difficult to disagree with another's point of view","0, Not at all characteristic or true of me | 1, Slight characteristic or true of me | 2, Moderately characteristic or true of me | 3, Very characteristic or true of me | 4, Extremely characteristic or true of me",,,,,,,y,,,sias_sps_eee1a2,,
sps6_i1_s1_r1_e1,sias6sps6_s1_r1_e1,,radio,"I get nervous that people are staring at me as I walk down the street","0, Not at all characteristic or true of me | 1, Slight characteristic or true of me | 2, Moderately characteristic or true of me | 3, Very characteristic or true of me | 4, Extremely characteristic or true of me",,,,,,,y,,,sias_sps_eee1a2,,
sps6_i2_s1_r1_e1,sias6sps6_s1_r1_e1,,radio,"I worry about shaking or trembling when I'm watched by other people","0, Not at all characteristic or true of me | 1, Slight characteristic or true of me | 2, Moderately characteristic or true of me | 3, Very characteristic or true of me | 4, Extremely characteristic or true of me",,,,,,,y,,,sias_sps_eee1a2,,
sps6_i3_s1_r1_e1,sias6sps6_s1_r1_e1,,radio,"I would get tense if I had to sit facing other people on a bus or train","0, Not at all characteristic or true of me | 1, Slight characteristic or true of me | 2, Moderately characteristic or true of me | 3, Very characteristic or true of me | 4, Extremely characteristic or true of me",,,,,,,y,,,sias_sps_eee1a2,,
sps6_i4_s1_r1_e1,sias6sps6_s1_r1_e1,,radio,"I worry I might do something to attract the attention of other people","0, Not at all characteristic or true of me | 1, Slight characteristic or true of me | 2, Moderately characteristic or true of me | 3, Very characteristic or true of me | 4, Extremely characteristic or true of me",,,,,,,y,,,sias_sps_eee1a2,,
sps6_i5_s1_r1_e1,sias6sps6_s1_r1_e1,,radio,"When in an elevator, I am tense if people look at me","0, Not at all characteristic or true of me | 1, Slight characteristic or true of me | 2, Moderately characteristic or true of me | 3, Very characteristic or true of me | 4, Extremely characteristic or true of me",,,,,,,y,,,sias_sps_eee1a2,,
sps6_i6_s1_r1_e1,sias6sps6_s1_r1_e1,,radio,"I can feel conspicuous standing in a line","0, Not at all characteristic or true of me | 1, Slight characteristic or true of me | 2, Moderately characteristic or true of me | 3, Very characteristic or true of me | 4, Extremely characteristic or true of me",,,,,,,y,,,sias_sps_eee1a2,,
