"Variable / Field Name","Form Name","Section Header","Field Type","Field Label","Choices, Calculations, OR Slider Labels","Field Note","Text Validation Type OR Show Slider Number","Text Validation Min","Text Validation Max",Identifier?,"Branching Logic (Show field only if...)","Required Field?","Custom Alignment","Question Number (surveys only)","Matrix Group Name","Matrix Ranking?","Field Annotation"
debrief_info,debrief_s1_r2_e1,,descriptive,"This document contains the script used by the experimenter during the interview and debriefing that will take place after the study is complete. The experimenter will first ask some questions of the participant to assess their level of deception; responses will be recorded by the experimenter on a RedCap form that is also contained in this document. Following this interview portion, the experimenter will fully debrief the participant, ask several follow-up questions to ensure that the participant does not have any concerns, and document relevant aspects of the debriefing on a separate RedCap form to ensure participant welfare is being maintained. ",,,,,,,,,,,,,
info2,debrief_s1_r2_e1,,descriptive,"The following two questions correspond to a RedCap form that the experimenter fills out. The experimenter reads each question to the participant and then records their response(s) on the RedCap form",,,,,,,,,,,,,
debrief_confed_s1_r2_e1,debrief_s1_r2_e1,,text,"Are you wondering anything about the other participant that you interacted with in-person earlier? Do you have any questions about them? ",,,,,,,,y,,,,,
debrief_realper_s1_r2_e1,debrief_s1_r2_e1,,yesno,"Do you think the person you interacted with earlier was a real participant? Or did you think so when you were speaking with them?",,,,,,,,y,,,,,
debrief_sure_s1_r2_e1,debrief_s1_r2_e1,,radio,"How sure are you?","1, 1- Not sure | 2, 2 | 3, 3 | 4, 4 | 5, 5 | 6, 6 | 7, 7 | 8, 8 | 9, 9 | 10, 10-Very sure",,,,,,,y,RH,,,,
read_paticipant,debrief_s1_r2_e1,,descriptive,"READ FOR THE PARTICIPANT: ""What I am about to tell you is important. Please don't share this information with other participants. During the social interaction part of the experiment, the other ""participant"" was not a real participant and you were actually interacting with a confederate. A confederate is another member of the research team pretending to be another participant. Jaime's real name is [Confederate Name] and [he/she] is a research assistant helping us with the study. Additionally, for some participants, they first see ""Jamie"" and receive additional information about the social interaction task (icebreaker) before completing the behavioral tasks, while other participants do not receive this additional information until after completing the behavioral tasks.

We told you at the beginning of the visit that you might not be provided with complete details of the study today. That is what happened during the social interaction. We told you that you were interacting with another participant during the social task (icebreaker) because people act differently if they think they are interacting with another participant instead of a confederate, which made the interaction seem more natural. Additionally, we only tell some participants the complete details of the icebreaker task before/after completing the behavioral tasks in order to observe how this knowledge might impact completion of the behavioral tasks.

We made this study so it would teach us about how people react and display social anxiety symptoms during interacting and having conversations with strangers, as well as how social anxiety might influence cognition on other tasks. For us to do this, we needed you to think that you were interacting with a person who was not aware of the situation just as you are. Additionally, we needed to tell some participants the full details of the icebreaker before/after completing the behavioral tasks. 

Now that the study is complete, we wanted to tell you about this as soon as we could, since we only give research participants incorrect information when it is absolutely necessary and we want to make sure you understand why it was important for us to do this. ""
",,,,,,,,,,,,,
fill_out,debrief_s1_r2_e1,,descriptive,"The following two questions correspond to a RedCap form that the experimenter fills out. The experimenter reads each question to the participant and then records their response(s) on the RedCap form",,,,,,,,,,,,,
debrief_thought_s1_r2_e1,debrief_s1_r2_e1,,notes," What do you think about all of this?",,,,,,,,y,,,,,
debrief_sense_s1_r2_e1,debrief_s1_r2_e1,,yesno,"Does this make sense?",,,,,,,,y,,,,,
debrief_okay_s1_r2_e1,debrief_s1_r2_e1,,yesno,"Do you feel ok?",,,,,,,,y,,,,,
debrief_whynot_s1_r2_e1,debrief_s1_r2_e1,,text,"What about what we just talked about makes you not feel ok?",,,,,,,"[debrief_okay_s1_r2_e1] = '0'",,,,,,
debrief_q_s1_r2_e1,debrief_s1_r2_e1,,descriptive,"Address the participant's comment directly and answer any questions they may have. In other words, try to figure out what the participant does not understand or makes them uncomfortable and try to address it so the participant does not leave feeling distressed. 
	
Once you have clarified everything, ask again: 
		b) Does this make sense?     Yes     No
	
		c) Do you feel ok?     Yes     No
",,,,,,,"[debrief_okay_s1_r2_e1] = '0'",,,,,,
won_t_use,debrief_s1_r2_e1,,descriptive,"READ TO THE PARTICIPANT: ""Just to remind you, know that what you did today was completely voluntary. Even though you've finished the task, if you wish to withdraw from the study, that's also fine and we won't use your data.""",,,,,,,,,,,,,
debrief_ques_s1_r2_e1,debrief_s1_r2_e1,,yesno,"Do you have any questions about that?",,,,,,,,y,,,,,
debrief_quesdet_s1_r2_e1,debrief_s1_r2_e1,,notes,"If yes, write down questions:",,,,,,,"[debrief_ques_s1_r2_e1] = '1'",,,,,,
debrief_deldata_s1_r2_e1,debrief_s1_r2_e1,,yesno,"Do you want us to delete your data?",,,,,,,,y,,,,,
debrief_exques_s1_r2_e1,debrief_s1_r2_e1,,yesno,"Do you have any other questions or concerns?",,,,,,,,y,,,,,
last_text,debrief_s1_r2_e1,,descriptive,"Once you finish answering questions or if the participant says no, then say: 

""If you have any questions later, you can contact us and we will be happy to answer any questions you may have. The only thing we ask is that you do not share this information with other participants because it is very important that everyone in our study believes that they are interacting with real people during the experiment. If some participants know that they are talking to a confederate and others think they are interacting with another participant, then our study would not give us any accurate results.

Again, thank you for being here today. We really do appreciate it. If you have no more questions for me, you're free to go.""
",,,,,,,,,,,,,
