"Variable / Field Name","Form Name","Section Header","Field Type","Field Label","Choices, Calculations, OR Slider Labels","Field Note","Text Validation Type OR Show Slider Number","Text Validation Min","Text Validation Max",Identifier?,"Branching Logic (Show field only if...)","Required Field?","Custom Alignment","Question Number (surveys only)","Matrix Group Name","Matrix Ranking?","Field Annotation"
covid_i1_sub1_s1_r1_e1,covid_s1_r1_e1,"For each of the following questions, please answer what has been true, on average, over the course of the one-year period immediately prior to the pandemic (March 1, 2019 - March 1, 2020)

How would you rate the quality of relationships and social interactions with:",radio,"Family or close friends?","0, Poor | 1,  | 2,  | 3,  | 4,  | 5, Okay | 6,  | 7,  | 8,  | 9,  | 10, Very good",,,,,,,y,,,precovid_1_f49402,,
covid_i1_sub2_s1_r1_e1,covid_s1_r1_e1,,radio,"Classmates, coworkers, or other acquaintances?","0, Poor | 1,  | 2,  | 3,  | 4,  | 5, Okay | 6,  | 7,  | 8,  | 9,  | 10, Very good",,,,,,,y,,,precovid_1_f49402,,
covid_i1_sub3_s1_r1_e1,covid_s1_r1_e1,,radio,"New people?","0, Poor | 1,  | 2,  | 3,  | 4,  | 5, Okay | 6,  | 7,  | 8,  | 9,  | 10, Very good",,,,,,,y,,,precovid_1_f49402,,
covid_i2_s1_r1_e1,covid_s1_r1_e1,,radio,"Did you have the ability to engage in live audio/video streaming (via smartphone, computer, tablet, etc.) if you wanted to?","3, Yes, whenever I wanted to | 2, Yes, but sometimes this was not possible | 1, Yes, but access was very intermittent | 0, No",,,,,,,y,,,,,
covid_i3_sub1_s1_r1_e1,covid_s1_r1_e1,"If given the choice, between the following options, how did you prefer to interact with:",radio,"Family or close friends?","1, Via traditional letter writing or email | 2, Through social media (e.g., Facebook, Twitter, Instagram, TikTok, etc.) | 3, Via text messaging (via a messaging application on the phone or computer) | 4, Through voice calls (e.g., via phone or audio-only streaming device) | 5, Via live audio/video streaming (e.g, via Zoom, Facetime, Skype, etc.) | 6, Via live audio/video streaming (e.g, via Zoom, Facetime, Skype, etc.) but with my video turned off | 7, In person",,,,,,,y,,,precovid_2_107c88,,
covid_i3_sub2_s1_r1_e1,covid_s1_r1_e1,,radio,"Classmates, coworkers, or other acquaintances?","1, Via traditional letter writing or email | 2, Through social media (e.g., Facebook, Twitter, Instagram, TikTok, etc.) | 3, Via text messaging (via a messaging application on the phone or computer) | 4, Through voice calls (e.g., via phone or audio-only streaming device) | 5, Via live audio/video streaming (e.g, via Zoom, Facetime, Skype, etc.) | 6, Via live audio/video streaming (e.g, via Zoom, Facetime, Skype, etc.) but with my video turned off | 7, In person",,,,,,,y,,,precovid_2_107c88,,
covid_i3_sub3_s1_r1_e1,covid_s1_r1_e1,,radio,"New people?","1, Via traditional letter writing or email | 2, Through social media (e.g., Facebook, Twitter, Instagram, TikTok, etc.) | 3, Via text messaging (via a messaging application on the phone or computer) | 4, Through voice calls (e.g., via phone or audio-only streaming device) | 5, Via live audio/video streaming (e.g, via Zoom, Facetime, Skype, etc.) | 6, Via live audio/video streaming (e.g, via Zoom, Facetime, Skype, etc.) but with my video turned off | 7, In person",,,,,,,y,,,precovid_2_107c88,,
covid_i4_sub1_s1_r1_e1,covid_s1_r1_e1,"For each of the following questions, please answer what has been true, on average, over the course of the one-year period that started with the onset of the pandemic (March 1, 2020 - March 1, 2021)

How would you rate the quality of relationships and social interactions with:",radio,"Family or close friends?","0, Poor | 1,  | 2,  | 3,  | 4,  | 5, Okay | 6,  | 7,  | 8,  | 9,  | 10, Very good",,,,,,,y,,,postcovid_1_35088a,,
covid_i4_sub2_s1_r1_e1,covid_s1_r1_e1,,radio,"Classmates, coworkers, or other acquaintances?","0, Poor | 1,  | 2,  | 3,  | 4,  | 5, Okay | 6,  | 7,  | 8,  | 9,  | 10, Very good",,,,,,,y,,,postcovid_1_35088a,,
covid_i4_sub3_s1_r1_e1,covid_s1_r1_e1,,radio,"New people?","0, Poor | 1,  | 2,  | 3,  | 4,  | 5, Okay | 6,  | 7,  | 8,  | 9,  | 10, Very good",,,,,,,y,,,postcovid_1_35088a,,
covid_i5_s1_r1_e1,covid_s1_r1_e1,,radio,"Did you have the ability to engage in live audio/video streaming (via smartphone, computer, tablet, etc.) if you wanted to?","3, Yes, whenever I wanted to | 2, Yes, but sometimes this was not possible | 1, Yes, but access was very intermittent | 0, No",,,,,,,y,,,,,
covid_i6_sub1_s1_r1_e1,covid_s1_r1_e1,"If given the choice, between the following options, how did you prefer to interact with:",radio,"Family or close friends?","1, Via traditional letter writing or email | 2, Through social media (e.g., Facebook, Twitter, Instagram, TikTok, etc.) | 3, Via text messaging (via a messaging application on the phone or computer) | 4, Through voice calls (e.g., via phone or audio-only streaming device) | 5, Via live audio/video streaming (e.g, via Zoom, Facetime, Skype, etc.) | 6, Via live audio/video streaming (e.g, via Zoom, Facetime, Skype, etc.) but with my video turned off | 7, In person",,,,,,,y,,,postcovid_2_9bcf22,,
covid_i6_sub2_s1_r1_e1,covid_s1_r1_e1,,radio,"Classmates, coworkers, or other acquaintances?","1, Via traditional letter writing or email | 2, Through social media (e.g., Facebook, Twitter, Instagram, TikTok, etc.) | 3, Via text messaging (via a messaging application on the phone or computer) | 4, Through voice calls (e.g., via phone or audio-only streaming device) | 5, Via live audio/video streaming (e.g, via Zoom, Facetime, Skype, etc.) | 6, Via live audio/video streaming (e.g, via Zoom, Facetime, Skype, etc.) but with my video turned off | 7, In person",,,,,,,y,,,postcovid_2_9bcf22,,
covid_i6_sub3_s1_r1_e1,covid_s1_r1_e1,,radio,"New people?","1, Via traditional letter writing or email | 2, Through social media (e.g., Facebook, Twitter, Instagram, TikTok, etc.) | 3, Via text messaging (via a messaging application on the phone or computer) | 4, Through voice calls (e.g., via phone or audio-only streaming device) | 5, Via live audio/video streaming (e.g, via Zoom, Facetime, Skype, etc.) | 6, Via live audio/video streaming (e.g, via Zoom, Facetime, Skype, etc.) but with my video turned off | 7, In person",,,,,,,y,,,postcovid_2_9bcf22,,
covid_i7_s1_r1_e1,covid_s1_r1_e1,,checkbox,"Were you exposed to someone likely to have Coronavirus/COVID-19? (check all that apply)","1, Yes, someone with positive test | 2, Yes, someone with medical diagnosis, but no test | 3, Yes, someone with possible symptoms, but no diagnosis by doctor | 4, No, not to my knowledge",,,,,,,y,,,,,
covid_i8_s1_r1_e1,covid_s1_r1_e1,,radio,"Were you ever suspected of having Coronavirus/COVID-19 infection?","1, Yes, has positive test | 2, Yes, medical diagnosis, but no test | 3, Yes, have had some possible symptoms, but no diagnosis by doctor | 4, No, no symptoms or signs",,,,,,,y,,,,,
covid_i9_s1_r1_e1,covid_s1_r1_e1,,checkbox,"Have any of your family members, close friends, or roommates been diagnosed with
Coronavirus/COVID-19? (check all that apply)","1, Yes, family member that I live with | 2, Yes, close friend that I live with | 3, Yes, roommate (that is not a close friend) | 4, Yes, family member that I do not live with | 5, Yes, close friend that I do not live with | 6, No",,,,,,,y,,,,,
covid_i10_s1_r1_e1,covid_s1_r1_e1,,checkbox,"Have any of the following happened to your family members, close friends, or roommates because of Coronavirus/COVID-19? (check all that apply)","1, Fallen ill physically | 2, Hospitalized | 3, Put into self-quarantine with symptoms | 4, Put into self-quarantine without symptoms (e.g., due to possible exposure) | 5, Lost or been laid off from job | 6, Reduced ability to earn money | 7, Passed away | 8, None of the above",,,,,,,y,,,,,
covid_i11_sub1_s1_r1_e1,covid_s1_r1_e1,"For the following questions, consider this question: Compared to the one-year period immediately prior to the pandemic (March 1, 2019 - March 1, 2020), how much more/less did you engage in the following, on average, during the one-year period that started with the onset of the pandemic (March 1, 2020 - March 1, 2021)?

How much did you engage in traditional letter writing or email to interact with:",radio,"Family or close friends?","0, Much less | 1,  | 2,  | 3,  | 4,  | 5, The same | 6,  | 7,  | 8,  | 9,  | 10, Much more",,,,,,,y,,,postcovid_3_b010f2,,
covid_i11_sub2_s1_r1_e1,covid_s1_r1_e1,,radio,"Classmates, coworkers, or other acquaintances?","0, Much less | 1,  | 2,  | 3,  | 4,  | 5, The same | 6,  | 7,  | 8,  | 9,  | 10, Much more",,,,,,,y,,,postcovid_3_b010f2,,
covid_i11_sub3_s1_r1_e1,covid_s1_r1_e1,,radio,"New people?","0, Much less | 1,  | 2,  | 3,  | 4,  | 5, The same | 6,  | 7,  | 8,  | 9,  | 10, Much more",,,,,,,y,,,postcovid_3_b010f2,,
covid_i12_sub1_s1_r1_e1,covid_s1_r1_e1,"How much did you engage in social media (e.g., Facebook, Twitter, Instagram, TikTok,
etc.) to interact with:",radio,"Family or close friends?","0, Much less | 1,  | 2,  | 3,  | 4,  | 5, The same | 6,  | 7,  | 8,  | 9,  | 10, Much more",,,,,,,y,,,postcovid_4_1829d3,,
covid_i12_sub2_s1_r1_e1,covid_s1_r1_e1,,radio,"Classmates, coworkers, or other acquaintances?","0, Much less | 1,  | 2,  | 3,  | 4,  | 5, The same | 6,  | 7,  | 8,  | 9,  | 10, Much more",,,,,,,y,,,postcovid_4_1829d3,,
covid_i12_sub3_s1_r1_e1,covid_s1_r1_e1,,radio,"New people?","0, Much less | 1,  | 2,  | 3,  | 4,  | 5, The same | 6,  | 7,  | 8,  | 9,  | 10, Much more",,,,,,,y,,,postcovid_4_1829d3,,
covid_i13_sub1_s1_r1_e1,covid_s1_r1_e1,"How much did you use text messaging (via a messaging application on the phone or computer) to interact with:",radio,"Family or close friends?","0, Much less | 1,  | 2,  | 3,  | 4,  | 5, The same | 6,  | 7,  | 8,  | 9,  | 10, Much more",,,,,,,y,,,postcovid_5_09424c,,
covid_i13_sub2_s1_r1_e1,covid_s1_r1_e1,,radio,"Classmates, coworkers, or other acquaintances?","0, Much less | 1,  | 2,  | 3,  | 4,  | 5, The same | 6,  | 7,  | 8,  | 9,  | 10, Much more",,,,,,,y,,,postcovid_5_09424c,,
covid_i13_sub3_s1_r1_e1,covid_s1_r1_e1,,radio,"New people?","0, Much less | 1,  | 2,  | 3,  | 4,  | 5, The same | 6,  | 7,  | 8,  | 9,  | 10, Much more",,,,,,,y,,,postcovid_5_09424c,,
covid_i14_sub1_s1_r1_e1,covid_s1_r1_e1,"How much did you use voice calls (e.g., via phone or audio-only streaming device) to interact with:",radio,"Family or close friends?","0, Much less | 1,  | 2,  | 3,  | 4,  | 5, The same | 6,  | 7,  | 8,  | 9,  | 10, Much more",,,,,,,y,,,postcovid_6_0fce1f,,
covid_i14_sub2_s1_r1_e1,covid_s1_r1_e1,,radio,"Classmates, coworkers, or other acquaintances?","0, Much less | 1,  | 2,  | 3,  | 4,  | 5, The same | 6,  | 7,  | 8,  | 9,  | 10, Much more",,,,,,,y,,,postcovid_6_0fce1f,,
covid_i14_sub3_s1_r1_e1,covid_s1_r1_e1,,radio,"New people?","0, Much less | 1,  | 2,  | 3,  | 4,  | 5, The same | 6,  | 7,  | 8,  | 9,  | 10, Much more",,,,,,,y,,,postcovid_6_0fce1f,,
covid_i15_sub1_s1_r1_e1,covid_s1_r1_e1,"How much did you use live audio/video streaming (e.g, via Zoom, Facetime, Skype, etc.) to interact with:",radio,"Family or close friends?","0, Much less | 1,  | 2,  | 3,  | 4,  | 5, The same | 6,  | 7,  | 8,  | 9,  | 10, Much more",,,,,,,y,,,postcovid_7_209ca6,,
covid_i15_sub2_s1_r1_e1,covid_s1_r1_e1,,radio,"Classmates, coworkers, or other acquaintances?","0, Much less | 1,  | 2,  | 3,  | 4,  | 5, The same | 6,  | 7,  | 8,  | 9,  | 10, Much more",,,,,,,y,,,postcovid_7_209ca6,,
covid_i15_sub3_s1_r1_e1,covid_s1_r1_e1,,radio,"New people?","0, Much less | 1,  | 2,  | 3,  | 4,  | 5, The same | 6,  | 7,  | 8,  | 9,  | 10, Much more",,,,,,,y,,,postcovid_7_209ca6,,
covid_i16_sub1_s1_r1_e1,covid_s1_r1_e1,"In situations in which you interacted virtually via live audio/video streaming (e.g, via Zoom, Facetime, Skype, etc.), and it was acceptable to share your video, how often did you turn off your video/camera when interacting with:",radio,"Family or close friends?","0, Much less | 1,  | 2,  | 3,  | 4,  | 5, The same | 6,  | 7,  | 8,  | 9,  | 10, Much more",,,,,,,y,,,postcovid_8_1f0ede,,
covid_i16_sub2_s1_r1_e1,covid_s1_r1_e1,,radio,"Classmates, coworkers, or other acquaintances?","0, Much less | 1,  | 2,  | 3,  | 4,  | 5, The same | 6,  | 7,  | 8,  | 9,  | 10, Much more",,,,,,,y,,,postcovid_8_1f0ede,,
covid_i16_sub3_s1_r1_e1,covid_s1_r1_e1,,radio,"New people?","0, Much less | 1,  | 2,  | 3,  | 4,  | 5, The same | 6,  | 7,  | 8,  | 9,  | 10, Much more",,,,,,,y,,,postcovid_8_1f0ede,,
covid_i17_sub1_s1_r1_e1,covid_s1_r1_e1,"How much did you get together in person with:",radio,"Family or close friends?","0, Much less | 1,  | 2,  | 3,  | 4,  | 5, The same | 6,  | 7,  | 8,  | 9,  | 10, Much more",,,,,,,y,,,postcovid_9_2a200c,,
covid_i17_sub2_s1_r1_e1,covid_s1_r1_e1,,radio,"Classmates, coworkers, or other acquaintances?","0, Much less | 1,  | 2,  | 3,  | 4,  | 5, The same | 6,  | 7,  | 8,  | 9,  | 10, Much more",,,,,,,y,,,postcovid_9_2a200c,,
covid_i17_sub3_s1_r1_e1,covid_s1_r1_e1,,radio,"New people?","0, Much less | 1,  | 2,  | 3,  | 4,  | 5, The same | 6,  | 7,  | 8,  | 9,  | 10, Much more",,,,,,,y,,,postcovid_9_2a200c,,
covid_i18_s1_r1_e1,covid_s1_r1_e1,"How often did you....",radio,"watch tv/movies?","0, Much less often | 1,  | 2,  | 3,  | 4,  | 5, The same | 6,  | 7,  | 8,  | 9,  | 10, Much more often",,,,,,,y,,,postcovid_10_5fa55e,,
covid_i19_s1_r1_e1,covid_s1_r1_e1,,radio,"engage in social media use?","0, Much less often | 1,  | 2,  | 3,  | 4,  | 5, The same | 6,  | 7,  | 8,  | 9,  | 10, Much more often",,,,,,,y,,,postcovid_10_5fa55e,,
covid_i20_s1_r1_e1,covid_s1_r1_e1,,radio,"engage in reading?","0, Much less often | 1,  | 2,  | 3,  | 4,  | 5, The same | 6,  | 7,  | 8,  | 9,  | 10, Much more often",,,,,,,y,,,postcovid_10_5fa55e,,
covid_i21_s1_r1_e1,covid_s1_r1_e1,,radio,exercise?,"0, Much less often | 1,  | 2,  | 3,  | 4,  | 5, The same | 6,  | 7,  | 8,  | 9,  | 10, Much more often",,,,,,,y,,,postcovid_10_5fa55e,,
covid_i22_s1_r1_e1,covid_s1_r1_e1,,radio,"eat unhealthy foods?","0, Much less often | 1,  | 2,  | 3,  | 4,  | 5, The same | 6,  | 7,  | 8,  | 9,  | 10, Much more often",,,,,,,y,,,postcovid_10_5fa55e,,
covid_i23_s1_r1_e1,covid_s1_r1_e1,,radio,"leave your house for non-essential reasons?","0, Much less often | 1,  | 2,  | 3,  | 4,  | 5, The same | 6,  | 7,  | 8,  | 9,  | 10, Much more often",,,,,,,y,,,postcovid_10_5fa55e,,
covid_i24_sub1_s1_r1_e1,covid_s1_r1_e1,,text,"How many hours of sleep did you get each night during the pandemic? (enter a numerical value)",,,integer,0,24,,,y,,,,,
covid_i24_sub2_s1_r1_e1,covid_s1_r1_e1,,text,"How many hours of sleep did you get each night prior to the pandemic? (enter a numerical value)",,,integer,0,24,,,y,,,,,
