"Variable / Field Name","Form Name","Section Header","Field Type","Field Label","Choices, Calculations, OR Slider Labels","Field Note","Text Validation Type OR Show Slider Number","Text Validation Min","Text Validation Max",Identifier?,"Branching Logic (Show field only if...)","Required Field?","Custom Alignment","Question Number (surveys only)","Matrix Group Name","Matrix Ranking?","Field Annotation"
record_id,info_s1_r1_e1,,text,"Record ID",,,,,,,,,,,,,
info_recruit_s1_r1_e1,info_s1_r1_e1,,radio,"Are you recruited from SONA Systems or from elsewhere?","1, SONA Systems | 2, Elsewhere",,,,,,,y,,,,,
info_where_s1_r1_e1,info_s1_r1_e1,,notes,"Where were you recruited?",,,,,,,"[info_recruit_s1_r1_e1] = '2'",y,,,,,
info_fullname_s1_r1_e1,info_s1_r1_e1,,text,"What is your full name?",,,,,,y,"[info_recruit_s1_r1_e1] = '1' OR [info_recruit_s1_r1_e1] = '2'",y,,,,,
info_phone_s1_r1_e1,info_s1_r1_e1,,text,"What is your phone number?",,,,,,y,"[info_recruit_s1_r1_e1] = '1' OR [info_recruit_s1_r1_e1] = '2'",y,,,,,
info_email_s1_r1_e1,info_s1_r1_e1,,text,"What is your email address? Make sure this is correct, as this is what we will be using to contact you.",,,email,,,y,"[info_recruit_s1_r1_e1] = '1' OR [info_recruit_s1_r1_e1] = '2'",y,,,,,
info_age_s1_r1_e1,info_s1_r1_e1,,text,"What's your age?",,,integer,18,24,,,y,,,,,
info_vision_s1_r1_e1,info_s1_r1_e1,,radio,"How do you describe your vision?","2, Perfectly normal | 1, Not normal, however it has been corrected (For example, you wear glasses, had corrective surgery, et cetera) | 0, Not normal and not corrected",,,,,,,y,,,,,
info_colorblind_s1_r1_e1,info_s1_r1_e1,,yesno,"Are you colorblind?",,,,,,,,y,,,,,
info_injury_s1_r1_e1,info_s1_r1_e1,,yesno,"Have you ever had an injury to the head that's caused you to be knocked out for a period of time (E.g. from a fall, blow to the head, road traffic accident)?",,,,,,,,y,,,,,
info_english_s1_r1_e1,info_s1_r1_e1,,radio,"Are you fluent in English?","1, Yes | 0, No",,,,,,,y,,,,,
info_internet_s1_r1_e1,info_s1_r1_e1,,yesno,"Do you have an internet connection that you are willing to use as part of a study?",,,,,,,,y,,,,,
info_webcam_s1_r1_e1,info_s1_r1_e1,,yesno,"Do you have a webcam or built-in camera that you are willing to use as part of a study?",,,,,,,,y,,,,,
info_record_s1_r1_e1,info_s1_r1_e1,,yesno,"Are you willing to record yourself via a webcam as part of a study?",,,,,,,,y,,,,,
info_computer_s1_r1_e1,info_s1_r1_e1,,yesno,"Do you have a desktop or laptop computer that you are willing to use to complete this study (cannot use phone/tablet)?",,,,,,,,y,,,,,
info_mobile_s1_r1_e1,info_s1_r1_e1,,yesno,"Are you on mobile right now?",,,,,,,,y,,,,,
info_mobile_remind_s1_r1_e1,info_s1_r1_e1,,radio,"Note that for the rest of Part 1 and Part 2, you should be on a desktop or laptop to complete the surveys that follow.","1, Okay",,,,,,"[info_mobile_s1_r1_e1] = '1' or [info_mobile_s1_r1_e1] = '0'",y,,,,,
info_note_s1_r1_e1,info_s1_r1_e1,,radio,"You will receive an email concerning your eligibility in the next couple of minutes; please do not fill out this form again.

Please note that the day/time of part 2 of the study will be scheduled after you complete part 1). Even if you have already signed up for part 2 on Sona, you will have to select a new available time on Calendly, which will be offered to you when you complete part 1 of the study. (The time listed for part 2 on Sona is not the actual date of the part 2 visit; the one selected on Calendly will be the actual meeting time.) For any questions, please email ndclabb@fiu.edu

Do you understand that you will shortly receive an email regarding your eligibility for this study and that you will need to schedule part 2 after completing part 1?","1, Yes",,,,,,,y,LV,,,,
