"Variable / Field Name","Form Name","Section Header","Field Type","Field Label","Choices, Calculations, OR Slider Labels","Field Note","Text Validation Type OR Show Slider Number","Text Validation Min","Text Validation Max",Identifier?,"Branching Logic (Show field only if...)","Required Field?","Custom Alignment","Question Number (surveys only)","Matrix Group Name","Matrix Ranking?","Field Annotation"
aq10_i1_s1_r1_e1,aq10_s1_r1_e1,"Please tick one option per question.
",radio,"I often notice small sounds when others do not","1, Definitely agree | 2, Slightly agree | 3, Slightly disagree | 4, Definitely disagree",,,,,,,y,,,aq_7ff801,,
aq10_i2_s1_r1_e1,aq10_s1_r1_e1,,radio,"I usually concentrate more on the whole picture, rather than the small details","1, Definitely agree | 2, Slightly agree | 3, Slightly disagree | 4, Definitely disagree",,,,,,,y,,,aq_7ff801,,
aq10_i3_s1_r1_e1,aq10_s1_r1_e1,,radio,"I find it easy to do more than one thing at once","1, Definitely agree | 2, Slightly agree | 3, Slightly disagree | 4, Definitely disagree",,,,,,,y,,,aq_7ff801,,
aq10_i4_s1_r1_e1,aq10_s1_r1_e1,,radio,"If there is an interruption, I can switch back to what I was doing very quickly","1, Definitely agree | 2, Slightly agree | 3, Slightly disagree | 4, Definitely disagree",,,,,,,y,,,aq_7ff801,,
aq10_i5_s1_r1_e1,aq10_s1_r1_e1,,radio,"I find it easy to 'read between the lines' when someone is talking to me","1, Definitely agree | 2, Slightly agree | 3, Slightly disagree | 4, Definitely disagree",,,,,,,y,,,aq_7ff801,,
aq10_i6_s1_r1_e1,aq10_s1_r1_e1,,radio,"I know how to tell if someone listening to me is getting bored","1, Definitely agree | 2, Slightly agree | 3, Slightly disagree | 4, Definitely disagree",,,,,,,y,,,aq_7ff801,,
aq10_i7_s1_r1_e1,aq10_s1_r1_e1,,radio,"When I'm reading a story I find it difficult to work out the characters' intentions","1, Definitely agree | 2, Slightly agree | 3, Slightly disagree | 4, Definitely disagree",,,,,,,y,,,aq_7ff801,,
aq10_i8_s1_r1_e1,aq10_s1_r1_e1,,radio,"I like to collect information about categories of things (e.g. types of car, types of bird, types of train, types of plant etc)","1, Definitely agree | 2, Slightly agree | 3, Slightly disagree | 4, Definitely disagree",,,,,,,y,,,aq_7ff801,,
aq10_i9_s1_r1_e1,aq10_s1_r1_e1,,radio,"I find it easy to work out what someone is thinking or feeling just by looking at their face","1, Definitely agree | 2, Slightly agree | 3, Slightly disagree | 4, Definitely disagree",,,,,,,y,,,aq_7ff801,,
aq10_i10_s1_r1_e1,aq10_s1_r1_e1,,radio,"I find it difficult to work out people's intentions","1, Definitely agree | 2, Slightly agree | 3, Slightly disagree | 4, Definitely disagree",,,,,,,y,,,aq_7ff801,,
