"Variable / Field Name","Form Name","Section Header","Field Type","Field Label","Choices, Calculations, OR Slider Labels","Field Note","Text Validation Type OR Show Slider Number","Text Validation Min","Text Validation Max",Identifier?,"Branching Logic (Show field only if...)","Required Field?","Custom Alignment","Question Number (surveys only)","Matrix Group Name","Matrix Ranking?","Field Annotation"
baars4_i1_s1_r1_e1,baars4_s1_r1_e1,,radio,"Fail to give close attention to details or make careless mistakes in my work or other activities","1, Never or rarely | 2, Sometimes | 3, Often | 4, Very often",,,,,,,y,,,baars4_s1_r1_e1,,
baars4_i2_s1_r1_e1,baars4_s1_r1_e1,,radio,"Difficulty sustaining my attention in tasks or fun activities","1, Never or rarely | 2, Sometimes | 3, Often | 4, Very often",,,,,,,y,,,baars4_s1_r1_e1,,
baars4_i3_s1_r1_e1,baars4_s1_r1_e1,,radio,"Don't listen when spoken to directly","1, Never or rarely | 2, Sometimes | 3, Often | 4, Very often",,,,,,,y,,,baars4_s1_r1_e1,,
baars4_i4_s1_r1_e1,baars4_s1_r1_e1,,radio,"Don't follow through on instructions and fail to finish work or chores.","1, Never or rarely | 2, Sometimes | 3, Often | 4, Very often",,,,,,,y,,,baars4_s1_r1_e1,,
baars4_i5_s1_r1_e1,baars4_s1_r1_e1,,radio,"Have difficulty organizing tasks and activities","1, Never or rarely | 2, Sometimes | 3, Often | 4, Very often",,,,,,,y,,,baars4_s1_r1_e1,,
baars4_i6_s1_r1_e1,baars4_s1_r1_e1,,radio,"Avoid, dislike, or am reluctant to engage in tasks that require sustained mental effort","1, Never or rarely | 2, Sometimes | 3, Often | 4, Very often",,,,,,,y,,,baars4_s1_r1_e1,,
baars4_i7_s1_r1_e1,baars4_s1_r1_e1,,radio,"Lose things necessary for tasks or activities","1, Never or rarely | 2, Sometimes | 3, Often | 4, Very often",,,,,,,y,,,baars4_s1_r1_e1,,
baars4_i8_s1_r1_e1,baars4_s1_r1_e1,,radio,"Easily distracted by extraneous stimuli or irrelevant thoughts.","1, Never or rarely | 2, Sometimes | 3, Often | 4, Very often",,,,,,,y,,,baars4_s1_r1_e1,,
baars4_i9_s1_r1_e1,baars4_s1_r1_e1,,radio,"Forgetful in daily activities","1, Never or rarely | 2, Sometimes | 3, Often | 4, Very often",,,,,,,y,,,baars4_s1_r1_e1,,
baars4_i10_s1_r1_e1,baars4_s1_r1_e1,,radio,"Fidget with hands or feet or squirm in seat","1, Never or rarely | 2, Sometimes | 3, Often | 4, Very often",,,,,,,y,,,baars4_s1_r1_e1,,
baars4_i11_s1_r1_e1,baars4_s1_r1_e1,,radio,"Leave my seat in classrooms or in other situations in which remaining seated is expected","1, Never or rarely | 2, Sometimes | 3, Often | 4, Very often",,,,,,,y,,,baars4_s1_r1_e1,,
baars4_i12_s1_r1_e1,baars4_s1_r1_e1,,radio,"Shift around excessively or feel restless or hemmed in","1, Never or rarely | 2, Sometimes | 3, Often | 4, Very often",,,,,,,y,,,baars4_s1_r1_e1,,
baars4_i13_s1_r1_e1,baars4_s1_r1_e1,,radio,"Have difficulty engaging in leisure activities quietly (feel uncomfortable, or am loud or noisy)","1, Never or rarely | 2, Sometimes | 3, Often | 4, Very often",,,,,,,y,,,baars4_s1_r1_e1,,
baars4_i14_s1_r1_e1,baars4_s1_r1_e1,,radio,"I am ""on the go"" or act as if ""driven by a motor"" (or I feel like I have to be busy or always doing something)","1, Never or rarely | 2, Sometimes | 3, Often | 4, Very often",,,,,,,y,,,baars4_s1_r1_e1,,
baars4_i15_s1_r1_e1,baars4_s1_r1_e1,,radio,"Talk excessively (in social situations)","1, Never or rarely | 2, Sometimes | 3, Often | 4, Very often",,,,,,,y,,,baars4_s1_r1_e1,,
baars4_i16_s1_r1_e1,baars4_s1_r1_e1,,radio,"Blurt out answers before questions have been completed, complete others' sentences, or jump the gun","1, Never or rarely | 2, Sometimes | 3, Often | 4, Very often",,,,,,,y,,,baars4_s1_r1_e1,,
baars4_i17_s1_r1_e1,baars4_s1_r1_e1,,radio,"Have difficulty awaiting my turn","1, Never or rarely | 2, Sometimes | 3, Often | 4, Very often",,,,,,,y,,,baars4_s1_r1_e1,,
baars4_i18_s1_r1_e1,baars4_s1_r1_e1,,radio,"Interrupt or intrude on others (butt into conversations or activities without permission or take over what others are doing)","1, Never or rarely | 2, Sometimes | 3, Often | 4, Very often",,,,,,,y,,,baars4_s1_r1_e1,,
baars4_i19_s1_r1_e1,baars4_s1_r1_e1,,radio,"Prone to daydreaming when I should have been concentrating on something or working","1, Never or rarely | 2, Sometimes | 3, Often | 4, Very often",,,,,,,y,,,baars4_s1_r1_e1,,
baars4_i20_s1_r1_e1,baars4_s1_r1_e1,,radio,"Have trouble staying alert or awake in boring situations","1, Never or rarely | 2, Sometimes | 3, Often | 4, Very often",,,,,,,y,,,baars4_s1_r1_e1,,
baars4_i21_s1_r1_e1,baars4_s1_r1_e1,,radio,"Easily confused","1, Never or rarely | 2, Sometimes | 3, Often | 4, Very often",,,,,,,y,,,baars4_s1_r1_e1,,
baars4_i22_s1_r1_e1,baars4_s1_r1_e1,,radio,"Easily bored","1, Never or rarely | 2, Sometimes | 3, Often | 4, Very often",,,,,,,y,,,baars4_s1_r1_e1,,
baars4_i23_s1_r1_e1,baars4_s1_r1_e1,,radio,"Spacey or ""in a fog""","1, Never or rarely | 2, Sometimes | 3, Often | 4, Very often",,,,,,,y,,,baars4_s1_r1_e1,,
baars4_i24_s1_r1_e1,baars4_s1_r1_e1,,radio,"Lethargic, more tired than others","1, Never or rarely | 2, Sometimes | 3, Often | 4, Very often",,,,,,,y,,,baars4_s1_r1_e1,,
baars4_i25_s1_r1_e1,baars4_s1_r1_e1,,radio,"Underactive or have less energy than others","1, Never or rarely | 2, Sometimes | 3, Often | 4, Very often",,,,,,,y,,,baars4_s1_r1_e1,,
baars4_i26_s1_r1_e1,baars4_s1_r1_e1,,radio,"Slow moving","1, Never or rarely | 2, Sometimes | 3, Often | 4, Very often",,,,,,,y,,,baars4_s1_r1_e1,,
baars4_i27_s1_r1_e1,baars4_s1_r1_e1,,radio,"I don't seem to process information as quickly or as accurately as others.","1, Never or rarely | 2, Sometimes | 3, Often | 4, Very often",,,,,,,y,,,baars4_s1_r1_e1,,
