"Variable / Field Name","Form Name","Section Header","Field Type","Field Label","Choices, Calculations, OR Slider Labels","Field Note","Text Validation Type OR Show Slider Number","Text Validation Min","Text Validation Max",Identifier?,"Branching Logic (Show field only if...)","Required Field?","Custom Alignment","Question Number (surveys only)","Matrix Group Name","Matrix Ranking?","Field Annotation"
srq_i1_s1_r1_e1,srq_s1_r1_e1,,radio,"I enjoy being around people who think I am an important, exciting person","1, Strongly disagree | 2, Disagree | 3, Slightly disagree | 4, Neither agree nor disagree | 5, Slightly agree | 6, Agree | 7, Strongly agree",,,,,,,y,,,srq_s1_r1_e1,,
srq_i2_s1_r1_e1,srq_s1_r1_e1,,radio,"I enjoy treating others fairly","1, Strongly disagree | 2, Disagree | 3, Slightly disagree | 4, Neither agree nor disagree | 5, Slightly agree | 6, Agree | 7, Strongly agree",,,,,,,y,,,srq_s1_r1_e1,,
srq_i3_s1_r1_e1,srq_s1_r1_e1,,radio,"I enjoy making someone angry","1, Strongly disagree | 2, Disagree | 3, Slightly disagree | 4, Neither agree nor disagree | 5, Slightly agree | 6, Agree | 7, Strongly agree",,,,,,,y,,,srq_s1_r1_e1,,
srq_i4_s1_r1_e1,srq_s1_r1_e1,,radio,"I enjoy going to parties","1, Strongly disagree | 2, Disagree | 3, Slightly disagree | 4, Neither agree nor disagree | 5, Slightly agree | 6, Agree | 7, Strongly agree",,,,,,,y,,,srq_s1_r1_e1,,
srq_i5_s1_r1_e1,srq_s1_r1_e1,,radio,"I enjoy being nice to someone only if I gain something out of it","1, Strongly disagree | 2, Disagree | 3, Slightly disagree | 4, Neither agree nor disagree | 5, Slightly agree | 6, Agree | 7, Strongly agree",,,,,,,y,,,srq_s1_r1_e1,,
srq_i6_s1_r1_e1,srq_s1_r1_e1,,radio,"I enjoy feeling emotionally connected to someone","1, Strongly disagree | 2, Disagree | 3, Slightly disagree | 4, Neither agree nor disagree | 5, Slightly agree | 6, Agree | 7, Strongly agree",,,,,,,y,,,srq_s1_r1_e1,,
srq_i7_s1_r1_e1,srq_s1_r1_e1,,radio,"I enjoy it if others look up to me","1, Strongly disagree | 2, Disagree | 3, Slightly disagree | 4, Neither agree nor disagree | 5, Slightly agree | 6, Agree | 7, Strongly agree",,,,,,,y,,,srq_s1_r1_e1,,
srq_i8_s1_r1_e1,srq_s1_r1_e1,,radio,"I enjoy tricking someone out of something","1, Strongly disagree | 2, Disagree | 3, Slightly disagree | 4, Neither agree nor disagree | 5, Slightly agree | 6, Agree | 7, Strongly agree",,,,,,,y,,,srq_s1_r1_e1,,
srq_i9_s1_r1_e1,srq_s1_r1_e1,,radio,"I enjoy having erotic relationships","1, Strongly disagree | 2, Disagree | 3, Slightly disagree | 4, Neither agree nor disagree | 5, Slightly agree | 6, Agree | 7, Strongly agree",,,,,,,y,,,srq_s1_r1_e1,,
srq_i10_s1_r1_e1,srq_s1_r1_e1,,radio,"I enjoy being a member of a group/club","1, Strongly disagree | 2, Disagree | 3, Slightly disagree | 4, Neither agree nor disagree | 5, Slightly agree | 6, Agree | 7, Strongly agree",,,,,,,y,,,srq_s1_r1_e1,,
srq_i11_s1_r1_e1,srq_s1_r1_e1,,radio,"I enjoy being around people who are impressed with who I am and what I do","1, Strongly disagree | 2, Disagree | 3, Slightly disagree | 4, Neither agree nor disagree | 5, Slightly agree | 6, Agree | 7, Strongly agree",,,,,,,y,,,srq_s1_r1_e1,,
srq_i12_s1_r1_e1,srq_s1_r1_e1,,radio,"I enjoy letting someone else tell me what to do","1, Strongly disagree | 2, Disagree | 3, Slightly disagree | 4, Neither agree nor disagree | 5, Slightly agree | 6, Agree | 7, Strongly agree",,,,,,,y,,,srq_s1_r1_e1,,
srq_i13_s1_r1_e1,srq_s1_r1_e1,,radio,"I enjoy having many sexual experiences","1, Strongly disagree | 2, Disagree | 3, Slightly disagree | 4, Neither agree nor disagree | 5, Slightly agree | 6, Agree | 7, Strongly agree",,,,,,,y,,,srq_s1_r1_e1,,
srq_i14_s1_r1_e1,srq_s1_r1_e1,,radio,"I enjoy embarrassing others","1, Strongly disagree | 2, Disagree | 3, Slightly disagree | 4, Neither agree nor disagree | 5, Slightly agree | 6, Agree | 7, Strongly agree",,,,,,,y,,,srq_s1_r1_e1,,
srq_i15_s1_r1_e1,srq_s1_r1_e1,,radio,"I enjoy many people wanting to invite me to their social events","1, Strongly disagree | 2, Disagree | 3, Slightly disagree | 4, Neither agree nor disagree | 5, Slightly agree | 6, Agree | 7, Strongly agree",,,,,,,y,,,srq_s1_r1_e1,,
srq_i16_s1_r1_e1,srq_s1_r1_e1,,radio,"I enjoy keeping promises I make to others","1, Strongly disagree | 2, Disagree | 3, Slightly disagree | 4, Neither agree nor disagree | 5, Slightly agree | 6, Agree | 7, Strongly agree",,,,,,,y,,,srq_s1_r1_e1,,
srq_i17_s1_r1_e1,srq_s1_r1_e1,,radio,"I enjoy seeing others get hurt","1, Strongly disagree | 2, Disagree | 3, Slightly disagree | 4, Neither agree nor disagree | 5, Slightly agree | 6, Agree | 7, Strongly agree",,,,,,,y,,,srq_s1_r1_e1,,
srq_i18_s1_r1_e1,srq_s1_r1_e1,,radio,"I enjoy achieving recognition from others","1, Strongly disagree | 2, Disagree | 3, Slightly disagree | 4, Neither agree nor disagree | 5, Slightly agree | 6, Agree | 7, Strongly agree",,,,,,,y,,,srq_s1_r1_e1,,
srq_i19_s1_r1_e1,srq_s1_r1_e1,,radio,"I enjoy it if someone accepts me as I am, no matter what","1, Strongly disagree | 2, Disagree | 3, Slightly disagree | 4, Neither agree nor disagree | 5, Slightly agree | 6, Agree | 7, Strongly agree",,,,,,,y,,,srq_s1_r1_e1,,
srq_i20_s1_r1_e1,srq_s1_r1_e1,,radio,"I enjoy having an active sex life","1, Strongly disagree | 2, Disagree | 3, Slightly disagree | 4, Neither agree nor disagree | 5, Slightly agree | 6, Agree | 7, Strongly agree",,,,,,,y,,,srq_s1_r1_e1,,
srq_i21_s1_r1_e1,srq_s1_r1_e1,,radio,"I enjoy someone else making decisions for me","1, Strongly disagree | 2, Disagree | 3, Slightly disagree | 4, Neither agree nor disagree | 5, Slightly agree | 6, Agree | 7, Strongly agree",,,,,,,y,,,srq_s1_r1_e1,,
srq_i22_s1_r1_e1,srq_s1_r1_e1,,radio,"I enjoy making someone feel happy","1, Strongly disagree | 2, Disagree | 3, Slightly disagree | 4, Neither agree nor disagree | 5, Slightly agree | 6, Agree | 7, Strongly agree",,,,,,,y,,,srq_s1_r1_e1,,
srq_i23_s1_r1_e1,srq_s1_r1_e1,,radio,"I enjoy following someone else's rules","1, Strongly disagree | 2, Disagree | 3, Slightly disagree | 4, Neither agree nor disagree | 5, Slightly agree | 6, Agree | 7, Strongly agree",,,,,,,y,,,srq_s1_r1_e1,,
